INSERT INTO PUBLIC.USER_LIST (GROUP_IDX, USER_ID, PASSWARD, USER_NAME, EMAIL, ADDRESS, PHONE, CREATE_DTTM, UPDATE_DTTM) VALUES (1, 'adminA', '123', 'John', 'John@naver.com', 'Seoul', '010-1111-1111', '2022-12-08 19:06:00.000', '2022-12-08 19:06:00.000');
INSERT INTO PUBLIC.USER_LIST (GROUP_IDX, USER_ID, PASSWARD, USER_NAME, EMAIL, ADDRESS, PHONE, CREATE_DTTM, UPDATE_DTTM) VALUES (2, 'userA', '123', 'Adam', 'Adam@naver.com', 'Busan', '010-2222-2222', '2022-12-08 19:06:00.000', '2022-12-08 19:06:00.000');
INSERT INTO PUBLIC.USER_LIST (GROUP_IDX, USER_ID, PASSWARD, USER_NAME, EMAIL, ADDRESS, PHONE, CREATE_DTTM, UPDATE_DTTM) VALUES (2, 'userB', '123', 'Rebecca', 'Rebecca@naver.com', 'Suwon', '010-3333-3333', '2022-12-08 19:06:00.000', '2022-12-08 19:06:00.000');
INSERT INTO PUBLIC.USER_LIST (GROUP_IDX, USER_ID, PASSWARD, USER_NAME, EMAIL, ADDRESS, PHONE, CREATE_DTTM, UPDATE_DTTM) VALUES (2, 'userC', '123', 'Amy', 'Amy@naver.com', 'Daejeon', '010-444-4444', '2022-12-08 19:06:00.000', '2022-12-08 19:06:00.000');





INSERT INTO PUBLIC.USER_GROUP_INFO (AUTHORITY, "OPTIONS", CREATE_DTTM, UPDATE_DTTM) VALUES ('ADMIN', NULL, '2022-12-08 19:20:00.000', '2022-12-08 19:20:00.000');
INSERT INTO PUBLIC.USER_GROUP_INFO (AUTHORITY, "OPTIONS", CREATE_DTTM, UPDATE_DTTM) VALUES ('USER', NULL, '2022-12-08 19:20:00.000', '2022-12-08 19:20:00.000');




INSERT INTO PUBLIC.POINT_SUMMARY (USER_IDX, NOW_POINT, "OPTIONS", CREATE_DTTM, UPDATE_DTTM) VALUES (1, '50', NULL, '2022-12-08 15:21:00.000', '2022-12-08 19:21:00.000');
INSERT INTO PUBLIC.POINT_SUMMARY (USER_IDX, NOW_POINT, "OPTIONS", CREATE_DTTM, UPDATE_DTTM) VALUES (2, '50', NULL, '2022-12-08 16:21:00.000', '2022-12-08 19:21:00.000');
INSERT INTO PUBLIC.POINT_SUMMARY (USER_IDX, NOW_POINT, "OPTIONS", CREATE_DTTM, UPDATE_DTTM) VALUES (3, '150', NULL, '2022-12-08 16:21:00.000', '2022-12-08 19:21:00.000');
INSERT INTO PUBLIC.POINT_SUMMARY (USER_IDX, NOW_POINT, "OPTIONS", CREATE_DTTM, UPDATE_DTTM) VALUES (4, '200', NULL, '2022-12-08 16:21:00.000', '2022-12-08 19:21:00.000');




INSERT INTO PUBLIC.POINT_EVENT (USER_IDX, STATUS, POINT, "OPTIONS", CREATE_DTTM, UPDATE_DTTM, EXPIRATION_DTTM) VALUES (1, '적립', 10, NULL, '2022-12-08 19:21:00.000', '2022-12-08 19:21:00.000', '2023-12-08 19:21:00.000');
INSERT INTO PUBLIC.POINT_EVENT (USER_IDX, STATUS, POINT, "OPTIONS", CREATE_DTTM, UPDATE_DTTM, EXPIRATION_DTTM) VALUES (2, '적립', 50, NULL, '2022-12-08 19:21:00.000', '2022-12-08 19:21:00.000', '2023-12-08 19:21:00.000');
INSERT INTO PUBLIC.POINT_EVENT (USER_IDX, STATUS, POINT, "OPTIONS", CREATE_DTTM, UPDATE_DTTM, EXPIRATION_DTTM) VALUES (3, '적립', 150, NULL, '2022-12-08 19:21:00.000', '2022-12-08 19:21:00.000', '2023-12-08 19:21:00.000');
INSERT INTO PUBLIC.POINT_EVENT (USER_IDX, STATUS, POINT, "OPTIONS", CREATE_DTTM, UPDATE_DTTM, EXPIRATION_DTTM) VALUES (4, '적립', 200, NULL, '2022-12-08 19:21:00.000', '2022-12-08 19:21:00.000', '2023-12-08 19:21:00.000');
INSERT INTO PUBLIC.POINT_EVENT (USER_IDX, STATUS, POINT, "OPTIONS", CREATE_DTTM, UPDATE_DTTM, EXPIRATION_DTTM) VALUES (1, '적립', 30, NULL, '2022-12-08 19:21:00.000', '2022-12-08 19:21:00.000', '2023-12-08 19:21:00.000');
INSERT INTO PUBLIC.POINT_EVENT (USER_IDX, STATUS, POINT, "OPTIONS", CREATE_DTTM, UPDATE_DTTM, EXPIRATION_DTTM) VALUES (1, '적립', 10, NULL, '2022-12-08 19:21:00.000', '2022-12-08 19:21:00.000', '2023-12-08 19:21:00.000');






INSERT INTO PUBLIC.POINT_EVENT_DETAIL (USER_IDX, EVENT_IDX, ORIGIN_EVENT_DETAIL_IDX, STATUS, POINT, "OPTIONS", CREATE_DTTM, UPDATE_DTTM) VALUES (1, 1, 1, '적립', 10, NULL, '2022-12-08 19:21:00.000', '2022-12-08 19:21:00.000');
INSERT INTO PUBLIC.POINT_EVENT_DETAIL (USER_IDX, EVENT_IDX, ORIGIN_EVENT_DETAIL_IDX, STATUS, POINT, "OPTIONS", CREATE_DTTM, UPDATE_DTTM) VALUES (2, 2, 2, '적립', 50, NULL, '2022-12-08 19:21:00.000', '2022-12-08 19:21:00.000');
INSERT INTO PUBLIC.POINT_EVENT_DETAIL (USER_IDX, EVENT_IDX, ORIGIN_EVENT_DETAIL_IDX, STATUS, POINT, "OPTIONS", CREATE_DTTM, UPDATE_DTTM) VALUES (3, 3, 3, '적립', 150, NULL, '2022-12-08 19:21:00.000', '2022-12-08 19:21:00.000');
INSERT INTO PUBLIC.POINT_EVENT_DETAIL (USER_IDX, EVENT_IDX, ORIGIN_EVENT_DETAIL_IDX, STATUS, POINT, "OPTIONS", CREATE_DTTM, UPDATE_DTTM) VALUES (4, 4, 4, '적립', 200, NULL, '2022-12-08 19:21:00.000', '2022-12-08 19:21:00.000');
INSERT INTO PUBLIC.POINT_EVENT_DETAIL (USER_IDX, EVENT_IDX, ORIGIN_EVENT_DETAIL_IDX, STATUS, POINT, "OPTIONS", CREATE_DTTM, UPDATE_DTTM) VALUES (1, 5, 5, '적립', 30, NULL, '2022-12-08 19:21:00.000', '2022-12-08 19:21:00.000');
INSERT INTO PUBLIC.POINT_EVENT_DETAIL (USER_IDX, EVENT_IDX, ORIGIN_EVENT_DETAIL_IDX, STATUS, POINT, "OPTIONS", CREATE_DTTM, UPDATE_DTTM) VALUES (1, 6, 6, '적립', 10, NULL, '2022-12-08 19:21:00.000', '2022-12-08 19:21:00.000');